{
  "players": {
    "1": [
      [
        1124.77001953125,
        423.989990234375,
        124
      ]
    ],
    "2": [
      [
        34.04999923706055,
        353.4599914550781,
        129
      ]
    ],
    "3": [
      [
        1013.1500244140625,
        249.10000610351562,
        132
      ],
      [
        1031.0699462890625,
        245.4199981689453,
        133
      ],
      [
        1046.3599853515625,
        248.2100067138672,
        134
      ]
    ],
    "4": [
      [
        1248.449951171875,
        330.0799865722656,
        204
      ],
      [
        1242.3199462890625,
        341.4800109863281,
        205
      ],
      [
        1240.3299560546875,
        340.7099914550781,
        206
      ],
      [
        1233.3199462890625,
        346.7699890136719,
        207
      ],
      [
        1226.3199462890625,
        352.82000732421875,
        208
      ],
      [
        1207.550048828125,
        360.7200012207031,
        209
      ],
      [
        1195.8699951171875,
        365.75,
        210
      ],
      [
        1186.6600341796875,
        368.0799865722656,
        211
      ],
      [
        1173.18994140625,
        372.1199951171875,
        212
      ],
      [
        1160.8900146484375,
        373.0199890136719,
        213
      ],
      [
        1147.22998046875,
        375.3299865722656,
        214
      ],
      [
        1134.699951171875,
        377.5899963378906,
        215
      ],
      [
        1121.260009765625,
        380.9599914550781,
        216
      ],
      [
        1096.8299560546875,
        385.3900146484375,
        217
      ],
      [
        1081.5699462890625,
        387.989990234375,
        218
      ],
      [
        1069.5999755859375,
        389.9100036621094,
        219
      ],
      [
        1064.4000244140625,
        393.2099914550781,
        220
      ],
      [
        1052.1300048828125,
        392.95001220703125,
        221
      ],
      [
        1043.469970703125,
        390.3699951171875,
        222
      ],
      [
        1036.0999755859375,
        391.5199890136719,
        223
      ],
      [
        1027.9599609375,
        389.5899963378906,
        224
      ],
      [
        1016.0599975585938,
        392.3500061035156,
        225
      ],
      [
        1004.25,
        398.3399963378906,
        226
      ],
      [
        994.1500244140625,
        395.4200134277344,
        227
      ],
      [
        980.1500244140625,
        395.30999755859375,
        228
      ],
      [
        968.9199829101562,
        395.5199890136719,
        229
      ],
      [
        960.489990234375,
        394.57000732421875,
        230
      ],
      [
        955.1099853515625,
        393.1700134277344,
        231
      ],
      [
        950.280029296875,
        389.3800048828125,
        232
      ],
      [
        944.8099975585938,
        389.7099914550781,
        233
      ],
      [
        939.0800170898438,
        390.6000061035156,
        234
      ],
      [
        932.9500122070312,
        393.17999267578125,
        235
      ],
      [
        927.2000122070312,
        392.6199951171875,
        236
      ]
    ],
    "5": [
      [
        908.6900024414062,
        402.7099914550781,
        204
      ]
    ],
    "6": [
      [
        773.9099731445312,
        432.5299987792969,
        215
      ],
      [
        763.469970703125,
        433.4599914550781,
        216
      ],
      [
        752.0,
        435.05999755859375,
        217
      ],
      [
        740.52001953125,
        436.6499938964844,
        218
      ],
      [
        729.0499877929688,
        438.25,
        219
      ],
      [
        717.5700073242188,
        439.8500061035156,
        220
      ],
      [
        706.0999755859375,
        441.45001220703125,
        221
      ],
      [
        694.6199951171875,
        443.0400085449219,
        222
      ],
      [
        686.9600219726562,
        442.0299987792969,
        223
      ],
      [
        679.2999877929688,
        441.0199890136719,
        224
      ],
      [
        671.6400146484375,
        440.010009765625,
        225
      ],
      [
        663.97998046875,
        438.989990234375,
        226
      ],
      [
        656.3200073242188,
        437.9800109863281,
        227
      ],
      [
        648.6599731445312,
        436.9700012207031,
        228
      ],
      [
        641.0,
        435.9599914550781,
        229
      ],
      [
        633.3400268554688,
        434.95001220703125,
        230
      ],
      [
        623.9000244140625,
        434.45001220703125,
        231
      ],
      [
        618.780029296875,
        435.67999267578125,
        232
      ],
      [
        612.3699951171875,
        434.2900085449219,
        233
      ],
      [
        606.6599731445312,
        433.3999938964844,
        234
      ],
      [
        602.0700073242188,
        434.1300048828125,
        235
      ],
      [
        598.3599853515625,
        433.32000732421875,
        236
      ],
      [
        594.6300048828125,
        431.9599914550781,
        237
      ],
      [
        590.9000244140625,
        430.6000061035156,
        238
      ],
      [
        587.1699829101562,
        429.239990234375,
        239
      ],
      [
        583.4400024414062,
        427.8800048828125,
        240
      ],
      [
        579.7100219726562,
        426.5199890136719,
        241
      ],
      [
        575.989990234375,
        425.1600036621094,
        242
      ]
    ],
    "7": [
      [
        489.5,
        341.7900085449219,
        216
      ]
    ],
    "8": [
      [
        1258.6099853515625,
        518.3200073242188,
        226
      ],
      [
        1255.8599853515625,
        519.4600219726562,
        227
      ],
      [
        1253.1099853515625,
        520.5900268554688,
        228
      ],
      [
        1251.7099609375,
        519.5800170898438,
        229
      ],
      [
        1249.0899658203125,
        516.5900268554688,
        230
      ],
      [
        1247.1700439453125,
        516.5700073242188,
        231
      ],
      [
        1246.489990234375,
        515.9400024414062,
        232
      ],
      [
        1246.72998046875,
        513.1900024414062,
        233
      ],
      [
        1246.22998046875,
        511.6600036621094,
        234
      ],
      [
        1246.5400390625,
        508.7799987792969,
        235
      ],
      [
        1246.800048828125,
        510.54998779296875,
        236
      ],
      [
        1246.31005859375,
        511.5899963378906,
        237
      ],
      [
        1246.8199462890625,
        512.6900024414062,
        238
      ],
      [
        1247.72998046875,
        516.6900024414062,
        239
      ],
      [
        1249.0699462890625,
        516.75,
        240
      ],
      [
        1249.780029296875,
        514.5399780273438,
        241
      ],
      [
        1249.7900390625,
        511.260009765625,
        242
      ]
    ],
    "9": [
      [
        363.1099853515625,
        465.1300048828125,
        242
      ]
    ]
  },
  "referees": {}
}