{
  "made_shots": [],
  "hoop": {
    "x": 414.2724935732648,
    "y": 205.68380462724934,
    "radius": 20.65809768637532
  }
}