{
  "made_shots": [],
  "hoop": {
    "x": 419.77150537634407,
    "y": 206.56720430107526,
    "radius": 21.071236559139784
  }
}