{
  "made_shots": [],
  "hoop": {
    "x": 420.0804289544236,
    "y": 206.68364611260054,
    "radius": 21.071045576407506
  }
}