{
  "made_shots": [],
  "hoop": {
    "x": 419.0636604774536,
    "y": 206.21485411140583,
    "radius": 21.041114058355436
  }
}