{
  "made_shots": [],
  "hoop": {
    "x": 724.5697674418604,
    "y": 202.3546511627907,
    "radius": 29.703488372093023
  }
}