{
  "made_shots": [],
  "hoop": {
    "x": 981.0970873786408,
    "y": 212.54692556634305,
    "radius": 24.674757281553397
  }
}