{
  "made_shots": [],
  "hoop": {
    "x": 937.8505747126437,
    "y": 249.85632183908046,
    "radius": 17.153735632183906
  }
}